generation_id,post_id,prompt,generated_text,generated_at
1,1,Generate a social media caption for: AI Tools for Students,"Use AI tools wisely to learn faster, not to skip learning.",5/6/2026 12:20
2,2,Generate a social media caption for: Social Media Consistency,Consistency builds trust before growth starts.,5/6/2026 15:20
3,3,Generate a social media caption for: Python Learning Journey,Small Python projects teach more than only watching tutorials.,5/6/2026 18:20
4,3,Generate a shorter caption for: Python Learning Journey,Short version: Small Python projects teach more than only watching tutorials.,5/6/2026 18:35
5,4,Generate a social media caption for: Database Design Tips,A strong database is the backbone of every working software system.,5/6/2026 21:20
6,5,Generate a social media caption for: Automation Benefits,Automate repeated tasks so you can focus on creative work.,5/7/2026 0:20
7,6,Generate a social media caption for: LinkedIn Growth,"Share what you are learning, not only what you have achieved.",5/7/2026 3:20
8,6,Generate a shorter caption for: LinkedIn Growth,"Short version: Share what you are learning, not only what you have achieved.",5/7/2026 3:35
9,7,Generate a social media caption for: AI Caption Writing,"AI can help draft captions, but human review makes them real.",5/7/2026 6:20
10,8,Generate a social media caption for: Team Collaboration,Good teamwork starts with clear roles and communication.,5/7/2026 9:20
11,9,Generate a social media caption for: Content Approval Flow,Approval workflows reduce mistakes before content goes public.,5/7/2026 12:20
12,9,Generate a shorter caption for: Content Approval Flow,Short version: Approval workflows reduce mistakes before content goes public.,5/7/2026 12:35
13,10,Generate a social media caption for: Analytics Tracking,Analytics show what your audience actually cares about.,5/7/2026 15:20
14,11,Generate a social media caption for: Beginner Freelancing,"Start small, build proof, then apply with confidence.",5/7/2026 18:20
15,12,Generate a social media caption for: AI Agents,AI agents are tools that can plan and complete tasks step by step.,5/7/2026 21:20
16,12,Generate a shorter caption for: AI Agents,Short version: AI agents are tools that can plan and complete tasks step by step.,5/7/2026 21:35
17,13,Generate a social media caption for: Prompt Engineering,A clear prompt gives AI a clear direction.,5/8/2026 0:20
18,14,Generate a social media caption for: Student Productivity,Productivity is not doing more; it is doing the right things.,5/8/2026 3:20
19,15,Generate a social media caption for: SaaS Project Idea,A useful SaaS solves one clear problem for one clear audience.,5/8/2026 6:20
20,15,Generate a shorter caption for: SaaS Project Idea,Short version: A useful SaaS solves one clear problem for one clear audience.,5/8/2026 6:35
21,16,Generate a social media caption for: Content Scheduling,Scheduling helps creators stay consistent even on busy days.,5/8/2026 9:20
22,17,Generate a social media caption for: Digital Workflow,"A digital workflow makes work traceable, faster, and easier to manage.",5/8/2026 12:20
23,18,Generate a social media caption for: AI in Marketing,"AI helps marketers brainstorm, write, and analyze faster.",5/8/2026 15:20
24,18,Generate a shorter caption for: AI in Marketing,"Short version: AI helps marketers brainstorm, write, and analyze faster.",5/8/2026 15:35
25,19,Generate a social media caption for: Learning in Public,Learning in public builds confidence and opportunities.,5/8/2026 18:20
26,20,Generate a social media caption for: Final Project Progress,A good project is not only an idea; it is a working system.,5/8/2026 21:20
