draft_id,client_id,created_by,draft_title,draft_content,draft_status,created_at
28ed9187-e262-4e2c-b2d1-94d9e5853df5,3bcd8a6a-d798-472c-93fc-7208d5eb00e3,aac33f61-cc4c-4b02-85a2-07eaf728f265,Why Business-focused demand-driven flexibility matters for your brand in 2025,Until just recognize building. Participant dream citizen nearly need behavior yeah tree. Water positive child usually factor relate indeed. Woman during necessary himself two meet these. Everybody so increase various. Environment able rise study oil process tend. Mrs generation necessary myself lay focus country.,repurposed,2026-02-16 09:05:58
369e484c-5c91-405c-86bd-4a66a123b71d,c97541aa-bbae-47af-ab41-edbf474c799e,58b00339-86d9-43e5-a4a7-9f6eb3713206,"Behind the scenes at Allen, Reyes and Chase",Who call whole forward beyond suddenly between. Address century that wide avoid sit enter. Realize power system system teacher here first responsibility. Their along attention piece TV young section.,repurposed,2026-03-12 02:58:06
d49f1fbb-5f40-4306-a1ce-4be989a786ba,3bcd8a6a-d798-472c-93fc-7208d5eb00e3,51b16d87-fbd8-4a1a-abf1-4a830feeaac3,How Good-Hodges is changing the grow frictionless content industry,Grow issue each include radio. Color bad that people. Marriage on discussion point least. Together let explain.,submitted,2026-04-14 23:31:10
bc7c2e4c-9665-46ec-ad1b-307b0fbfa647,75905a97-dbd8-4178-bb81-a4c9c38fd0fa,efe9443c-5c65-4aa8-a153-058e73ee8785,Announcing our new product launch for summer,Down occur offer yeah. Against stop how account ten. Treat seat strategy. Simply discover soon despite couple. Question return process stuff pick. Position final kid often run bed far section. Customer skill theory hand.,archived,2026-03-07 21:34:02
a333726a-ef88-41b9-b99e-fd4d8fad36c3,0b3d3f1e-5980-4d29-839c-ba414978df59,aac33f61-cc4c-4b02-85a2-07eaf728f265,Meet our team — introducing Linda,Whose source hand so add Mr. Happy see energy herself police he push. Agent this no trip determine as statement. Power bring animal also you. Best thought career law.,repurposed,2026-03-28 18:39:50
0c1e12e7-50a1-44e1-84f0-1a5d8c3bd48f,5901d927-0540-4a16-ab75-b3cdc8e6a7bb,aac33f61-cc4c-4b02-85a2-07eaf728f265,Meet our team — introducing Diana,Real describe know. Talk between rate name within. Art every why we station begin. Politics others again skill during. Skin day stop never.,draft,2026-03-22 18:52:41
85af4bcc-2ca4-4ad2-b4fe-e6492635bcd7,57d21c6f-5ddb-4e55-9a54-89366d0183f4,1017f65f-d9f5-408c-82ca-85a9e07f2fad,Meet our team — introducing Michele,Body term capital group. Open administration enter camera inside. Second live sing message. Later develop past road. Feeling poor all your suggest international blue.,draft,2026-05-14 12:05:10
3bb3ff59-3037-4136-bfdf-c09bd720565e,ccca073b-2ff5-4529-8eda-70e6de1be41b,aac33f61-cc4c-4b02-85a2-07eaf728f265,Announcing our new product launch for Q3,Yes most law painting between reduce. Result Democrat later direction fund law indeed. Fine fine effort well. Attack story behavior benefit school speech news. What no prove improve them wait institution trouble. Why outside goal.,submitted,2026-04-23 03:01:09
b2ca6074-d7ff-45b7-9429-5c520b51c258,ff44b144-80e4-4b0f-a9b3-b5a4c468488a,49245511-d102-4326-bb10-ec515e2d2229,Why Re-engineered directional workforce matters for your brand in 2025,Window stand party poor ago upon stop. Ahead event several TV go. Thank not husband center. Begin most heavy. Game have return since nothing be apply. Senior anyone bank kitchen.,repurposed,2026-02-25 16:34:32
10b6cd55-f491-41dc-b1a6-86a0b839acb7,3bcd8a6a-d798-472c-93fc-7208d5eb00e3,1017f65f-d9f5-408c-82ca-85a9e07f2fad,Why Horizontal systematic service-desk matters for your brand in 2025,Money final determine worker area daughter war. Share face build market. Compare herself region matter street south. However score job least. Television office of remember. Face if whom commercial way least. Because such during open model how. Second develop single baby plan.,repurposed,2026-05-01 15:27:36
f7a9d6d1-21ab-4725-86e8-aa4463f7e529,be527e58-5060-4b1a-a17d-a8e767bca837,65e1c247-ba54-4b92-b197-89dd82dec370,Why Enhanced real-time collaboration matters for your brand in 2025,Week physical less nor. Large under north play person ten physical character. Light place someone option. Medical financial later arm story baby.,repurposed,2026-02-09 06:16:53
d7241580-7304-4331-ac88-81ec35dd2644,47887c49-3f2d-418a-9613-c7c880d13124,1017f65f-d9f5-408c-82ca-85a9e07f2fad,How Gilbert PLC is changing the target revolutionary systems industry,Little character artist billion tonight gas research mean. Always remain yard model. City health executive impact full our smile positive. Form newspaper hit edge. Their four old center glass whose recognize hot. Remember be next poor foreign campaign reflect water.,submitted,2026-04-09 08:19:24
88640de7-d76b-4732-93b6-3c0358284cbb,cdfbf6c0-683c-4a2a-bdb5-0d2269efd5d4,58b00339-86d9-43e5-a4a7-9f6eb3713206,"How Gaines, Davis and Santiago is changing the disintermediate vertical relationships industry",Difficult case baby such big. Strong this also from short capital heavy. Congress realize person total. Analysis hair rest wide particular sell. Doctor dream whole six tough create question. Worker left example high month whom stage. Catch economic political them never bill suffer surface.,submitted,2026-03-27 20:11:42
fa11e0ad-9610-4b94-a27d-fbd79b4d0a9d,47535168-2cb4-4c2d-b35a-b987802a2df7,3b8472d5-9aa6-4934-b2c4-4bbfb3edd4f6,Weekly recap: what happened in productize B2B e-commerce,Apply maybe dog yes heart agreement. Stuff practice social case. True line story serve light.,repurposed,2025-11-24 09:54:31
2d78e8ee-559e-4f6b-8184-0733ae623f36,75905a97-dbd8-4178-bb81-a4c9c38fd0fa,a64b9a35-9042-4900-b2fa-5df61d6ac10b,Meet our team — introducing Kimberly,Information soldier lead book toward. Movie place offer responsibility fact ability good number. Professor beat window attack.,draft,2025-12-20 10:06:17
e92bca55-60c6-4d21-b837-a4e75aee6a8a,be527e58-5060-4b1a-a17d-a8e767bca837,07f8f36c-dbf5-4011-96d8-bbef51f3a943,Weekly recap: what happened in synergize collaborative paradigms,Small general run pick sign same. Card good full poor store range. Place specific as simply leader fall analysis.,repurposed,2025-11-20 20:12:31
09cbd880-7284-4789-a4e3-cdfc4353a363,be527e58-5060-4b1a-a17d-a8e767bca837,07f8f36c-dbf5-4011-96d8-bbef51f3a943,Announcing our new product launch for Q3,Ground sit tend forward buy. Join hundred keep what fund cost. Happen something entire bar interesting issue yet. Nation fly bag produce. Knowledge response coach know language.,submitted,2025-11-09 20:23:56
34312b62-6ce9-4aae-a5a8-2e3ba30610c2,79284e64-48ab-49d9-9513-dae60b27da13,3b8472d5-9aa6-4934-b2c4-4bbfb3edd4f6,Meet our team — introducing Emily,Central parent sit. Call door population. Him note painting quickly we head. Off morning huge power.,repurposed,2026-03-31 22:53:33
7b1bff71-ee98-495b-8959-d0d66955af55,11d14c72-b352-4292-967d-b6326d54744c,2a9fdd9c-daef-4bb0-8cfa-f3674b4358fd,How Horne Inc is changing the synthesize integrated schemas industry,You experience trouble make but. Later together knowledge because. Property remember nearly face feel church. Soldier meeting building cut. Door management guess occur. Sound necessary partner beat finally yourself rest. Improve important offer by first avoid letter.,submitted,2026-02-01 16:31:03
6559d856-2d16-4222-94eb-5e1e71d11ae3,7df8690a-2363-4a15-8686-2cbeb982da79,07f8f36c-dbf5-4011-96d8-bbef51f3a943,Weekly recap: what happened in reinvent end-to-end e-commerce,Clearly follow remember generation wait. Suffer economy play nearly by. Pass behavior political option oil. Probably result painting successful.,repurposed,2026-01-26 13:00:26
3a17f714-4599-485a-ad7a-01dfe35f1e27,c97541aa-bbae-47af-ab41-edbf474c799e,65e1c247-ba54-4b92-b197-89dd82dec370,Why Sharable 4thgeneration methodology matters for your brand in 2025,Face what lot source rate father authority. Citizen indeed less future. Fine responsibility safe team. Candidate have no five letter environment. Cell anything war ten industry. Spend value return couple. Marriage method material final. Bed hotel lead.,archived,2026-02-20 20:30:13
f60ce970-0962-4d79-ab44-cf4b7ca76f38,5901d927-0540-4a16-ab75-b3cdc8e6a7bb,4cb29695-59dc-4d1a-90d2-dcea9bb09e34,Announcing our new product launch for spring,Account blue care enough hand idea and. Now crime network. Hit late near stay. Quite budget window hour some fund voice sense. Own husband American although require.,repurposed,2025-12-05 03:52:43
1fcb302b-1f25-405a-8425-4de2af7aaaa6,ff44b144-80e4-4b0f-a9b3-b5a4c468488a,49245511-d102-4326-bb10-ec515e2d2229,Announcing our new product launch for fall,From stock mother remember feel staff happy purpose. On someone rise read ago listen. Officer return on color pick people subject challenge. All way body affect finish. Include data maybe particularly.,submitted,2025-12-19 23:22:31
e805f221-b0f6-46c9-9771-610d9abf0153,3bcd8a6a-d798-472c-93fc-7208d5eb00e3,92f053d3-8e56-4e79-b440-e321a27445e6,Meet our team — introducing Jared,Finish community treatment garden great sign. Particular court east newspaper different. Side relate real major look. Value somebody event business quality here woman. West source fact explain research get. Pretty section degree still even no. Case past only drug prove.,repurposed,2026-04-19 22:12:39
dfa97ccb-0348-4bcc-8f2e-a53985e7549f,47887c49-3f2d-418a-9613-c7c880d13124,65e1c247-ba54-4b92-b197-89dd82dec370,"Behind the scenes at Perez, Hall and Garcia",Present thing little practice sense expert. Position traditional become off movement. Tree company think. Value already structure small.,draft,2026-02-21 21:17:11
57dab194-58ed-4819-985f-c1ff3917fd54,79284e64-48ab-49d9-9513-dae60b27da13,a64b9a35-9042-4900-b2fa-5df61d6ac10b,Behind the scenes at Zuniga LLC,Management voice surface life cover both class. Possible responsibility add front far purpose cover. Task today still middle beautiful protect continue cell. Very according himself land environment form. Reveal activity president realize artist brother fill if. Type thousand show real police wait happen. Despite card check security paper.,draft,2025-11-14 18:01:32
b8e1a88c-a92f-4220-a265-9d4851254db5,47535168-2cb4-4c2d-b35a-b987802a2df7,a64b9a35-9042-4900-b2fa-5df61d6ac10b,Announcing our new product launch for Q3,Month gun true born stock total dark. Change foreign minute break day on before. Knowledge argue car indeed nor next pull. Rich how staff second official. Interest red must. Various attorney value all. Conference career political role white hear.,draft,2025-12-03 07:31:09
70f04d01-5c40-4611-a623-2952fe067596,57d21c6f-5ddb-4e55-9a54-89366d0183f4,4cb29695-59dc-4d1a-90d2-dcea9bb09e34,How West-Stark is changing the synergize strategic methodologies industry,Condition Mr more road. Strong series without leg rest. Mother statement easy get every visit. Allow produce past view. Drive attack order. Our reflect any scientist I doctor describe.,repurposed,2026-04-07 05:53:18
86caca62-9b52-4105-a299-9f2b955eb468,c97541aa-bbae-47af-ab41-edbf474c799e,4cb29695-59dc-4d1a-90d2-dcea9bb09e34,Behind the scenes at Taylor LLC,Worry miss including every. We they treatment personal interview many win. Skill five indicate chance heavy senior. Drive different tax certain leg arm include. Newspaper care drug data position two.,archived,2025-11-29 18:42:26
d08d3647-fc49-41d0-a5ea-59cfcfe191c2,7df8690a-2363-4a15-8686-2cbeb982da79,2a9fdd9c-daef-4bb0-8cfa-f3674b4358fd,Customer spotlight: Emily's success story,Right next look thank four whatever address view. Section senior trial receive. However dream focus executive letter. Final growth third letter sort reveal. Trial have including none determine certainly.,repurposed,2026-05-14 13:03:14
cb0339f7-ed37-47a9-93f4-b376c6bbbf2d,5901d927-0540-4a16-ab75-b3cdc8e6a7bb,d7b13d37-760a-48aa-9193-5570604d6980,How Tran-Silva is changing the envisioneer B2C solutions industry,Pressure range either start whom politics make. Run goal cause national. True my politics arrive. Stuff avoid stand. Share include successful. Attack character despite lay art. Tree process administration mother in admit reveal movie.,repurposed,2026-04-19 15:52:49
34e51f4c-4793-4674-b894-e91580984f97,47535168-2cb4-4c2d-b35a-b987802a2df7,51b16d87-fbd8-4a1a-abf1-4a830feeaac3,Customer spotlight: Samantha's success story,Money spring environment however health image north wrong. Feel stock ball yard practice. Behavior here need. Pm reflect bar suddenly. Not teach believe month amount deep.,repurposed,2025-12-02 07:20:34
8811d9c4-75f8-444b-963f-47bb94f85983,49276bea-9dcf-4271-99d9-39880d66d25a,1017f65f-d9f5-408c-82ca-85a9e07f2fad,Announcing our new product launch for fall,Onto sell require huge baby. Nor note support quality. Forward sense cause write right may window.,repurposed,2026-03-17 16:43:30
bb2590ac-7fa2-49ed-b51c-cefa48732168,0b3d3f1e-5980-4d29-839c-ba414978df59,687378c7-ffc5-46de-8ce8-6bfea52e7cb1,Weekly recap: what happened in facilitate impactful vortals,Green wait it quickly produce. Sign far east available. Child Republican plant science first. Before wall know seven. Car cost large never. Billion bed never others six tell. Factor hold be.,repurposed,2026-04-18 01:18:50
84869a20-6870-43e9-93a6-28a3b41f18d8,57d21c6f-5ddb-4e55-9a54-89366d0183f4,07f8f36c-dbf5-4011-96d8-bbef51f3a943,Weekly recap: what happened in innovate enterprise communities,Cold every feel site. Edge east person order crime blood. According how success here television. Friend spring teacher wind carry fly.,repurposed,2026-02-06 08:23:07
f4e59c9f-838f-46fd-8c1e-76193a0171c0,75905a97-dbd8-4178-bb81-a4c9c38fd0fa,07f8f36c-dbf5-4011-96d8-bbef51f3a943,"5 tips to improve your Investment banker, operational this week",Box nor or nation race nearly. Wall decide something story attorney summer some. Cause field education child institution help last. Look husband media turn reality myself so growth. Order trial body eat professor coach partner. Worker quality hundred sell whole involve action.,repurposed,2026-03-15 12:56:45
94c981ce-714b-4952-85b5-ecb7c4c4ddef,11d14c72-b352-4292-967d-b6326d54744c,1017f65f-d9f5-408c-82ca-85a9e07f2fad,Why Persistent zero administration service-desk matters for your brand in 2025,Character young lot far turn beat story. Give gas six miss. Live just recent five feel special. Against gas body son. Might necessary former interview left. Picture control price how scene third. Or home relate day sell speak artist. Son Mr hand culture.,submitted,2026-03-31 06:00:28
a87fad59-194f-4e35-93d1-a83a724599f9,47887c49-3f2d-418a-9613-c7c880d13124,92f053d3-8e56-4e79-b440-e321a27445e6,How Baker Group is changing the whiteboard turn-key metrics industry,Suddenly pay sport relationship father pass. Public finish draw bring. Really memory industry case himself control. Really population yourself never majority cell fire. People tend weight machine crime himself no. Important man report kitchen cold not somebody.,submitted,2026-02-04 14:33:31
b218f34b-2ab4-440d-9ac4-eea0a5082a73,ff44b144-80e4-4b0f-a9b3-b5a4c468488a,4cb29695-59dc-4d1a-90d2-dcea9bb09e34,Meet our team — introducing Kimberly,Member of environmental myself yard my series. National wrong bill stop seem fear. Last give stage. Tend bring speech decide scene ready. Plan coach cause deal deal arrive go exactly. Collection without fall of weight method too. Career seek in arrive.,draft,2026-04-23 15:15:52
5059e6a3-98d7-419b-a978-78ec48ea289f,c97541aa-bbae-47af-ab41-edbf474c799e,aac33f61-cc4c-4b02-85a2-07eaf728f265,How Camacho-Martinez is changing the incentivize B2B vortals industry,Officer environmental increase later. Idea seek reason theory. Wear force able similar run room learn. Sure somebody huge why station manager. Stock front official not magazine gas. Animal phone student. Buy tax kid.,repurposed,2026-01-14 01:35:27
34f21a25-76fd-4fbb-b087-3837522f45f0,11d14c72-b352-4292-967d-b6326d54744c,d7b13d37-760a-48aa-9193-5570604d6980,Customer spotlight: Kevin's success story,Bar professor power appear personal. Investment before believe degree back. Difficult quite act receive stage write institution car. Director become south billion. Thing case similar send card year. Attention none particular clearly.,draft,2026-05-12 13:44:17
ca55f4d1-0312-48f3-a09d-5ba5b7e26817,0b3d3f1e-5980-4d29-839c-ba414978df59,a64b9a35-9042-4900-b2fa-5df61d6ac10b,Meet our team — introducing Glenda,Operation himself white fire. Easy popular easy over. Expect wait agree suggest then day parent country. Far approach today west manager both.,repurposed,2025-12-25 13:31:16
e41d8d85-b24c-4f77-b386-ab6916fae0b0,cdfbf6c0-683c-4a2a-bdb5-0d2269efd5d4,58b00339-86d9-43e5-a4a7-9f6eb3713206,Why Re-contextualized intangible hierarchy matters for your brand in 2025,Several west side admit. Add democratic two we. Media pick may indeed reduce bar. Mrs check base bad TV window choice. Hospital plant strong race at recognize. Around beat its law participant. Program price compare actually case.,repurposed,2025-11-26 20:17:41
0ff2b1c7-5b7f-4640-b82b-a27198230150,47535168-2cb4-4c2d-b35a-b987802a2df7,07f8f36c-dbf5-4011-96d8-bbef51f3a943,How Martin LLC is changing the mesh back-end communities industry,Friend investment model. Republican office baby lawyer growth. Teacher cold church significant thus purpose boy. Able teach activity animal hair turn condition.,repurposed,2026-01-19 15:49:15
908eff7c-acd9-437c-a584-0c790b43bb59,dbf44d74-90e3-405a-aba0-d36d5efb1afc,687378c7-ffc5-46de-8ce8-6bfea52e7cb1,Weekly recap: what happened in enhance world-class action-items,Head maybe top conference source wonder west. Theory tend similar financial. Network account customer nor. Science drug happy will young.,archived,2026-02-24 00:37:23
f0da53e3-f2dd-483a-ba88-33be98fe9a0e,79284e64-48ab-49d9-9513-dae60b27da13,d7b13d37-760a-48aa-9193-5570604d6980,Why Quality-focused grid-enabled productivity matters for your brand in 2025,Ability price support road billion morning. Information which win central evidence. Tv today mind.,submitted,2025-12-23 15:43:23
aab8adf4-d3f3-4673-ba67-49c0bb49d19c,5f581226-d8b5-4c46-ab41-7e7a0155e3e7,92f053d3-8e56-4e79-b440-e321a27445e6,"Behind the scenes at Huang, Ellis and Adkins",Production candidate factor surface unit hotel. Fish evening avoid dark sister once. Black last finish building. Who debate final enter build citizen.,repurposed,2026-04-06 07:51:09
dc9f1357-6c18-441c-9c6a-c02a551bdd7f,c97541aa-bbae-47af-ab41-edbf474c799e,a64b9a35-9042-4900-b2fa-5df61d6ac10b,"How Torres, Bush and Morrison is changing the e-enable world-class eyeballs industry",Quality employee wrong. Weight take new. Economic left sound cause activity store work. Cup hundred rather visit. Old else spend against. Cup position speak begin. Business walk anything under item right.,repurposed,2026-03-29 23:51:47
ebbd7052-0953-4969-b888-3fffd7046079,ccca073b-2ff5-4529-8eda-70e6de1be41b,4cb29695-59dc-4d1a-90d2-dcea9bb09e34,Customer spotlight: Joshua's success story,Pay positive material third look because him information. Eat yes myself affect him require look. General not focus establish ago others ahead. Around yard morning short yourself. Beyond prevent entire staff. Shake way offer work. Great stuff suddenly compare or south. Trial agreement red way nor none.,repurposed,2026-01-05 11:14:19
e3de12b1-9abb-46ef-9c02-0df5ec7d7292,79284e64-48ab-49d9-9513-dae60b27da13,49245511-d102-4326-bb10-ec515e2d2229,Customer spotlight: Benjamin's success story,Money a truth. Southern future concern sort than. Against only true similar. Team whether health walk how big few. Wish run join police.,repurposed,2025-12-03 09:12:48
42b8d6e7-7e6d-489e-aec8-872a8588de86,288112ec-fe6d-4614-ba60-c88b10a8cce2,efe9443c-5c65-4aa8-a153-058e73ee8785,Customer spotlight: Elizabeth's success story,Concern ability reduce of. Allow own TV whose determine not view. Former back get floor. Start prove role from. Enter economic attack.,archived,2026-03-13 02:02:06
98b5e970-4440-4f4a-a2c1-9bdc112728ed,cdfbf6c0-683c-4a2a-bdb5-0d2269efd5d4,51b16d87-fbd8-4a1a-abf1-4a830feeaac3,Announcing our new product launch for Q3,Heart stock small official serve difficult later. Far five weight. Game thousand claim avoid. Full world throw relate. Wall close threat church big day. Important never understand music produce.,submitted,2026-02-10 01:11:15
9f229eef-fdd0-4746-82c9-f1133823083e,3bcd8a6a-d798-472c-93fc-7208d5eb00e3,49245511-d102-4326-bb10-ec515e2d2229,Announcing our new product launch for fall,Outside current agent color factor bank such final. Likely thus enter politics hold he. Hard knowledge enjoy let difficult environmental. Character recent benefit property. Including series dinner article hit mission whole.,archived,2026-02-09 20:34:40
a9002806-716e-4cd9-9a19-d9bd957758e3,0b3d3f1e-5980-4d29-839c-ba414978df59,07f8f36c-dbf5-4011-96d8-bbef51f3a943,Why Universal 5thgeneration middleware matters for your brand in 2025,Song quality per build serious common worker. Speak call interest write itself. Challenge organization floor road southern beautiful news need. Mind true actually red onto. Both change note old who beyond. None big experience movie. There enough pressure occur list common.,repurposed,2026-03-22 13:23:45
d410d4ac-5ba0-4d6d-9aec-2616286ea2d4,75905a97-dbd8-4178-bb81-a4c9c38fd0fa,49245511-d102-4326-bb10-ec515e2d2229,Customer spotlight: Hannah's success story,After stage field exactly man receive. Win direction feel season. Especially indicate population could deep station. Service test start middle city find medical. Sister modern notice community.,archived,2025-12-01 19:09:30
7314cae9-0984-438e-b9ac-aa937a40dc12,be527e58-5060-4b1a-a17d-a8e767bca837,4cb29695-59dc-4d1a-90d2-dcea9bb09e34,How Hood and Sons is changing the target scalable relationships industry,Play buy air head order concern. Only glass clear thus see read expect. Anyone take sister Democrat determine different. Especially important after sister should. Listen car community. Difference part wall. Interest heavy give edge level.,submitted,2026-05-04 20:36:20
f4fe24cf-1b94-4982-8311-ea10681412cf,e93d1ca1-0862-4bd5-9c5e-c836334dfb50,65e1c247-ba54-4b92-b197-89dd82dec370,Meet our team — introducing Deborah,As write political technology end represent throughout. Could military drive arm tax. Identify floor cause agent market fast trade identify. On yes staff.,repurposed,2025-11-20 10:40:59
f2cfe8b3-575d-4967-888b-568b671c6e3b,57d21c6f-5ddb-4e55-9a54-89366d0183f4,1017f65f-d9f5-408c-82ca-85a9e07f2fad,How Barber-Walker is changing the whiteboard collaborative web services industry,Family likely scientist rise. Several consumer quite friend become great season. Inside thought he one less. Like term on want. Line create build quite. Fear approach take case customer important notice. Century television Congress ball forward would finish.,submitted,2026-03-17 11:36:32
4980115e-88b9-4a2f-a630-d1c663832947,c97541aa-bbae-47af-ab41-edbf474c799e,a64b9a35-9042-4900-b2fa-5df61d6ac10b,"5 tips to improve your Engineer, manufacturing systems this week",Pass plant idea whole. Above move room wear throughout series. Course quality phone eat really general can. Me fill assume animal way lay.,draft,2025-11-09 05:19:39
fb36fe53-0c41-4d74-8f11-c955be49ccf3,ff44b144-80e4-4b0f-a9b3-b5a4c468488a,d7b13d37-760a-48aa-9193-5570604d6980,Why Down-sized impactful adapter matters for your brand in 2025,Road capital safe operation college. Represent society heart policy side perhaps. Yes product president after ready indicate herself natural. Reduce day rate act inside big minute. Paper case store bit responsibility brother box blood.,draft,2026-01-03 21:08:10
92c45b4c-e4e3-4813-9c0e-142f15736fe2,e93d1ca1-0862-4bd5-9c5e-c836334dfb50,d7b13d37-760a-48aa-9193-5570604d6980,Why Balanced neutral methodology matters for your brand in 2025,Former able public trade structure protect chance. Single avoid rich toward. Lead with enough anyone spend. System growth quality. School believe serve animal system professional.,repurposed,2026-05-07 20:42:32
10e587c2-e53e-4a0c-bceb-d28a739288e0,49276bea-9dcf-4271-99d9-39880d66d25a,58b00339-86d9-43e5-a4a7-9f6eb3713206,How Murphy Group is changing the empower e-business relationships industry,Even history surface son power someone both. Word such billion treat. Soon question consider here grow agreement range. Low maintain thought key. Energy fire relate question. Rich difference what their mind read peace.,draft,2025-12-22 12:54:48
0b1e5d39-7325-4906-b703-9d015406e687,75905a97-dbd8-4178-bb81-a4c9c38fd0fa,2a9fdd9c-daef-4bb0-8cfa-f3674b4358fd,Customer spotlight: Mary's success story,Measure light many close. Fly former everything medical nearly her stage. Learn soon large task.,draft,2025-12-11 01:19:26
53f14e73-6a6c-4e4e-9f0a-d30daf90e466,e93d1ca1-0862-4bd5-9c5e-c836334dfb50,4cb29695-59dc-4d1a-90d2-dcea9bb09e34,Customer spotlight: Barry's success story,Point three none pressure lay future stay staff. Forward should outside respond guy laugh best. Able great plant son natural. Reduce animal clearly cell response return. Effect cultural building system. Lead sit response blue increase. But through leader operation mean white above save. Very stuff lot meet TV concern official.,draft,2026-03-22 23:49:05
e593d05d-6de3-47e2-a1cc-0473a3b9b5e3,5901d927-0540-4a16-ab75-b3cdc8e6a7bb,3b8472d5-9aa6-4934-b2c4-4bbfb3edd4f6,Why Operative real-time solution matters for your brand in 2025,Huge garden family source catch. Record security federal reduce team Republican very plan. Decide research rather TV car. Mean reason follow break. No old wall report purpose throw.,draft,2025-11-16 11:21:13
c6a53a90-4c50-4100-ba30-6bfcf35a2319,be527e58-5060-4b1a-a17d-a8e767bca837,d7b13d37-760a-48aa-9193-5570604d6980,Weekly recap: what happened in transform proactive architectures,Worker raise chair artist. Daughter must grow laugh pattern. Ten score night down six sometimes explain. Unit hold what. Whole approach season data than team.,submitted,2025-11-26 12:12:54
538565c4-5b3d-4f18-acc4-a1a48ecb04d7,49276bea-9dcf-4271-99d9-39880d66d25a,4cb29695-59dc-4d1a-90d2-dcea9bb09e34,Announcing our new product launch for Q4,Same budget American evidence. Candidate once effort form report. Always up others similar. Past product make of group six fish detail.,repurposed,2026-03-01 01:38:28
353c5c29-e85a-4388-b59e-d680cdf62ff8,c97541aa-bbae-47af-ab41-edbf474c799e,aac33f61-cc4c-4b02-85a2-07eaf728f265,Why Extended stable groupware matters for your brand in 2025,Family wear peace little no sell. Boy generation drive. Truth during always those high someone box either. Agency might side method meet. Analysis together court message way cold what. Mouth phone decision picture defense rate structure.,draft,2026-03-02 20:08:52
ee3a7f3d-bf4d-4f92-9ce7-7b1627c7e343,cdfbf6c0-683c-4a2a-bdb5-0d2269efd5d4,51b16d87-fbd8-4a1a-abf1-4a830feeaac3,Why Persevering transitional groupware matters for your brand in 2025,Available concern edge audience. Treat imagine later identify first. Pull movement political peace series one.,submitted,2026-01-10 07:21:28
a81dfa5d-937b-4a7c-8594-6527609c0dc2,57d21c6f-5ddb-4e55-9a54-89366d0183f4,65e1c247-ba54-4b92-b197-89dd82dec370,5 tips to improve your Horticultural consultant this week,Listen mouth carry. Someone support far plant fear thought. Whatever action themselves center among of. Mr water fight security tough gas. Town surface central contain pattern education. Consider son system surface.,submitted,2026-02-13 07:36:01
